id,x,y
5e80bc7e-0242-481b-aeb5-d4735ecc20b8,0.43351143474524,125.26631663102728
e0ddbb72-2c4a-4a7d-a904-dc1a530110b1,-1.4434646139278704,145.0897566782216
0eb5310a-4547-4d91-8a35-987ec0cb9d29,-0.18809279011379054,36.19302936573495